{"cameraMode":{"drawMode":0,"name":"Shaded","section":"Shading Mode"},"sceneLighting":false,"audioPlay":false,"sceneViewState":{"showFog":true,"showMaterialUpdate":false,"showSkybox":false,"showFlares":true,"showImageEffects":true,"showParticleSystems":true},"in2DMode":false,"pivot":{"x":-0.127427339553833,"y":-0.11687171459197998,"z":-0.5711637139320374},"rotation":{"x":0.1467600017786026,"y":-0.7671874761581421,"z":0.18921566009521485,"w":0.5950482487678528},"size":2.6130499839782717,"orthographic":false}